run_id,platform,slot,action,target,message,status,result,created_at
33418904969,facebook,1,find_target,facebook-slot-1,,dry_run,"{""status"": ""dry_run"", ""action"": ""facebook.find_target"", ""payload"": {""target"": ""facebook-slot-1"", ""message"": """"}}",2026-08-31T17:19:23.824132+00:00
33418904969,facebook,2,find_target,facebook-slot-2,,dry_run,"{""status"": ""dry_run"", ""action"": ""facebook.find_target"", ""payload"": {""target"": ""facebook-slot-2"", ""message"": """"}}",2026-08-31T17:19:23.824284+00:00
33418904969,facebook,3,find_target,facebook-slot-3,,dry_run,"{""status"": ""dry_run"", ""action"": ""facebook.find_target"", ""payload"": {""target"": ""facebook-slot-3"", ""message"": """"}}",2026-08-31T17:19:23.824374+00:00
33418904969,facebook,4,find_target,facebook-slot-4,,dry_run,"{""status"": ""dry_run"", ""action"": ""facebook.find_target"", ""payload"": {""target"": ""facebook-slot-4"", ""message"": """"}}",2026-08-31T17:19:23.824449+00:00
33418904969,facebook,5,find_target,facebook-slot-5,,dry_run,"{""status"": ""dry_run"", ""action"": ""facebook.find_target"", ""payload"": {""target"": ""facebook-slot-5"", ""message"": """"}}",2026-08-31T17:19:23.824520+00:00
33418904969,linkedin,1,find_target,linkedin-slot-1,,dry_run,"{""status"": ""dry_run"", ""action"": ""linkedin.find_target"", ""payload"": {""target"": ""linkedin-slot-1"", ""message"": """"}}",2026-08-31T17:19:23.824593+00:00
33418904969,linkedin,2,find_target,linkedin-slot-2,,dry_run,"{""status"": ""dry_run"", ""action"": ""linkedin.find_target"", ""payload"": {""target"": ""linkedin-slot-2"", ""message"": """"}}",2026-08-31T17:19:23.824662+00:00
33418904969,linkedin,3,find_target,linkedin-slot-3,,dry_run,"{""status"": ""dry_run"", ""action"": ""linkedin.find_target"", ""payload"": {""target"": ""linkedin-slot-3"", ""message"": """"}}",2026-08-31T17:19:23.824738+00:00
33418904969,linkedin,4,find_target,linkedin-slot-4,,dry_run,"{""status"": ""dry_run"", ""action"": ""linkedin.find_target"", ""payload"": {""target"": ""linkedin-slot-4"", ""message"": """"}}",2026-08-31T17:19:23.824806+00:00
33418904969,linkedin,5,find_target,linkedin-slot-5,,dry_run,"{""status"": ""dry_run"", ""action"": ""linkedin.find_target"", ""payload"": {""target"": ""linkedin-slot-5"", ""message"": """"}}",2026-08-31T17:19:23.824879+00:00
33420824058,facebook,1,find_target,https://www.facebook.com/cjchemicals/,,dry_run,"{""status"": ""dry_run"", ""action"": ""facebook.find_target"", ""payload"": {""target"": ""https://www.facebook.com/cjchemicals/"", ""target_name"": ""C.J. Chemicals | Howell MI | Facebook"", ""message"": """"}}",2026-08-31T17:40:22.370740+00:00
33420824058,facebook,2,find_target,https://www.facebook.com/ExpertChemicalandSupplyInc/,,dry_run,"{""status"": ""dry_run"", ""action"": ""facebook.find_target"", ""payload"": {""target"": ""https://www.facebook.com/ExpertChemicalandSupplyInc/"", ""target_name"": ""Expert Chemical & Supply Inc | Posen IL | Facebook"", ""message"": """"}}",2026-08-31T17:40:22.370956+00:00
33420824058,facebook,3,find_target,https://www.facebook.com/p/Chemical-Marketing-Corporation-100094380955009/,,dry_run,"{""status"": ""dry_run"", ""action"": ""facebook.find_target"", ""payload"": {""target"": ""https://www.facebook.com/p/Chemical-Marketing-Corporation-100094380955009/"", ""target_name"": ""Chemical Marketing Corporation | Facebook"", ""message"": """"}}",2026-08-31T17:40:22.371085+00:00
33420824058,facebook,4,find_target,https://www.facebook.com/producerschemical,,dry_run,"{""status"": ""dry_run"", ""action"": ""facebook.find_target"", ""payload"": {""target"": ""https://www.facebook.com/producerschemical"", ""target_name"": ""Producers Chemical Company | Sugar Grove IL | Facebook"", ""message"": """"}}",2026-08-31T17:40:22.371195+00:00
33420824058,facebook,5,find_target,https://www.facebook.com/BallChemicalEquipmentCompany/,,dry_run,"{""status"": ""dry_run"", ""action"": ""facebook.find_target"", ""payload"": {""target"": ""https://www.facebook.com/BallChemicalEquipmentCompany/"", ""target_name"": ""Ball Chemical & Equipment Company | Cleveland OH | Facebook"", ""message"": """"}}",2026-08-31T17:40:22.371300+00:00
33420824058,linkedin,1,find_target,https://www.linkedin.com/company/north-industrial-chemicals-inc,,dry_run,"{""status"": ""dry_run"", ""action"": ""linkedin.find_target"", ""payload"": {""target"": ""https://www.linkedin.com/company/north-industrial-chemicals-inc"", ""target_name"": ""North Industrial Chemicals, Inc. | LinkedIn"", ""message"": """"}}",2026-08-31T17:40:23.055077+00:00
33420824058,linkedin,2,find_target,https://www.linkedin.com/company/chemsolv-inc.,,dry_run,"{""status"": ""dry_run"", ""action"": ""linkedin.find_target"", ""payload"": {""target"": ""https://www.linkedin.com/company/chemsolv-inc."", ""target_name"": ""Chemsolv, Inc. | LinkedIn"", ""message"": """"}}",2026-08-31T17:40:23.055242+00:00
33420824058,linkedin,3,find_target,https://www.linkedin.com/company/fueltrading,,dry_run,"{""status"": ""dry_run"", ""action"": ""linkedin.find_target"", ""payload"": {""target"": ""https://www.linkedin.com/company/fueltrading"", ""target_name"": ""Fuel Trading & Distribution Co. LLC | LinkedIn"", ""message"": """"}}",2026-08-31T17:40:23.055358+00:00
33420824058,linkedin,4,find_target,https://www.linkedin.com/company/general-petroleum-inc.,,dry_run,"{""status"": ""dry_run"", ""action"": ""linkedin.find_target"", ""payload"": {""target"": ""https://www.linkedin.com/company/general-petroleum-inc."", ""target_name"": ""General Petroleum Inc. | LinkedIn"", ""message"": """"}}",2026-08-31T17:40:23.055482+00:00
33420824058,linkedin,5,find_target,https://www.linkedin.com/company/petrochem-international,,dry_run,"{""status"": ""dry_run"", ""action"": ""linkedin.find_target"", ""payload"": {""target"": ""https://www.linkedin.com/company/petrochem-international"", ""target_name"": ""PETROCHEM INTERNATIONAL | LinkedIn"", ""message"": """"}}",2026-08-31T17:40:23.055592+00:00
